folder,file,type,name,state
00002,00501.png,3,1,1
00002,00502.png,0,0,0
00002,00503.png,2,5,3
00002,00504.png,2,6,3
00002,00505.png,2,1,1
00002,00506.png,1,3,1
00002,00507.png,1,3,1
00002,00508.png,1,3,1
00002,00509.png,1,2,1
00002,00510.png,1,1,1
00002,00511.png,1,1,1
00002,00512.png,3,1,1
00002,00513.png,2,1,1
00002,00514.png,1,1,1
00002,00515.png,3,1,1
00002,00516.png,1,4,1
00002,00517.png,1,4,1
00002,00518.png,1,1,1
00002,00519.png,2,5,3
00002,00520.png,3,1,1
00002,00521.png,1,3,1
00002,00522.png,3,1,1
00002,00523.png,2,5,3
00002,00524.png,1,2,1
00002,00525.png,3,1,1
00002,00526.png,3,2,1
00002,00527.png,0,0,0
00002,00528.png,2,4,1
00002,00529.png,2,3,1
00002,00530.png,2,2,1
00002,00531.png,3,1,1
00002,00532.png,3,2,1
00002,00533.png,2,6,3
00002,00534.png,2,4,1
00002,00535.png,0,0,0
00002,00536.png,1,2,1
00002,00537.png,3,1,1
00002,00538.png,3,2,1
00002,00539.png,3,1,1
00002,00540.png,1,3,1
00002,00541.png,1,2,1
00002,00542.png,1,1,1
00002,00543.png,1,3,1
00002,00544.png,3,1,1
00002,00545.png,2,6,3
00002,00546.png,2,6,3
00002,00547.png,3,2,1
00002,00548.png,2,3,1
00002,00549.png,2,6,3
00002,00550.png,2,4,1
00002,00551.png,2,5,3
00002,00552.png,3,2,1
00002,00553.png,1,4,1
00002,00554.png,3,1,1
00002,00555.png,2,6,3
00002,00556.png,3,1,1
00002,00557.png,1,3,1
00002,00558.png,0,0,0
00002,00559.png,1,3,1
00002,00560.png,1,3,1
00002,00561.png,2,2,1
00002,00562.png,2,5,3
00002,00563.png,3,2,1
00002,00564.png,1,4,1
00002,00565.png,2,1,1
00002,00566.png,2,1,1
00002,00567.png,2,6,3
00002,00568.png,3,1,1
00002,00569.png,1,3,1
00002,00570.png,1,3,1
00002,00571.png,2,6,3
00002,00572.png,3,2,1
00002,00573.png,3,1,1
00002,00574.png,3,2,1
00002,00575.png,0,0,0
00002,00576.png,3,2,1
00002,00577.png,3,1,1
00002,00578.png,3,2,1
00002,00579.png,3,2,1
00002,00580.png,2,2,1
00002,00581.png,3,2,1
00002,00582.png,3,1,1
00002,00583.png,3,2,1
00002,00584.png,2,5,3
00002,00585.png,3,2,1
00002,00586.png,3,2,1
00002,00587.png,3,1,1
00002,00588.png,2,5,3
00002,00589.png,3,1,1
00002,00590.png,2,5,3
00002,00591.png,2,2,1
00002,00592.png,2,6,3
00002,00593.png,3,2,1
00002,00594.png,2,6,3
00002,00595.png,2,6,3
00002,00596.png,2,6,3
00002,00597.png,2,6,3
00002,00598.png,3,1,1
00002,00599.png,2,6,3
00002,00600.png,2,3,1
00002,00601.png,0,0,0
00002,00602.png,3,1,1
00002,00603.png,2,3,1
00002,00604.png,0,0,0
00002,00605.png,2,5,3
00002,00606.png,2,4,1
00002,00607.png,2,6,3
00002,00608.png,2,4,1
00002,00609.png,3,2,1
00002,00610.png,3,2,1
00002,00611.png,1,3,1
00002,00612.png,2,1,1
00002,00613.png,3,1,1
00002,00614.png,1,4,1
00002,00615.png,3,2,1
00002,00616.png,2,6,3
00002,00617.png,2,6,3
00002,00618.png,0,0,0
00002,00619.png,3,2,1
00002,00620.png,3,2,1
00002,00621.png,3,1,1
00002,00622.png,3,2,1
00002,00623.png,2,6,3
00002,00624.png,3,2,1
00002,00625.png,3,2,1
00002,00626.png,0,0,0
00002,00627.png,3,2,1
00002,00628.png,3,1,1
00002,00629.png,1,3,1
00002,00630.png,2,6,3
00002,00631.png,2,4,1
00002,00632.png,2,5,3
00002,00633.png,1,4,1
00002,00634.png,3,2,1
00002,00635.png,3,1,1
00002,00636.png,1,3,1
00002,00637.png,3,1,1
00002,00638.png,3,1,1
00002,00639.png,2,5,3
00002,00640.png,1,4,1
00002,00641.png,2,5,3
00002,00642.png,1,3,1
00002,00643.png,2,5,3
00002,00644.png,2,5,3
00002,00645.png,2,5,3
00002,00646.png,1,4,1
00002,00647.png,1,3,1
00002,00648.png,1,2,1
00002,00649.png,2,5,3
00002,00650.png,2,4,1
00002,00651.png,1,4,1
00002,00652.png,3,1,1
00002,00653.png,3,1,1
00002,00654.png,3,1,1
00002,00655.png,3,1,1
00002,00656.png,1,2,1
00002,00657.png,1,4,1
00002,00658.png,1,4,1
00002,00659.png,1,2,1
00002,00660.png,0,0,0
00002,00661.png,2,5,3
00002,00662.png,0,0,0
00002,00663.png,2,6,3
00002,00664.png,2,5,3
00002,00665.png,3,1,1
00002,00666.png,3,1,1
00002,00667.png,0,0,0
00002,00668.png,2,3,1
00002,00669.png,0,0,0
00002,00670.png,3,2,1
00002,00671.png,2,5,3
00002,00672.png,3,2,1
00002,00673.png,2,5,3
00002,00674.png,3,2,1
00002,00675.png,1,4,1
00002,00676.png,1,3,1
00002,00677.png,3,1,1
00002,00678.png,2,2,1
00002,00679.png,2,6,3
00002,00680.png,1,3,1
00002,00681.png,3,2,1
00002,00682.png,0,0,0
00002,00683.png,1,3,1
00002,00684.png,3,1,1
00002,00685.png,2,5,2
00002,00686.png,1,4,1
00002,00687.png,1,3,1
00002,00688.png,2,5,2
00002,00689.png,1,3,1
00002,00690.png,1,4,1
00002,00691.png,1,4,1
00002,00692.png,2,5,2
00002,00693.png,1,2,1
00002,00694.png,1,4,1
00002,00695.png,1,2,1
00002,00696.png,0,0,0
00002,00697.png,2,5,3
00002,00698.png,3,1,1
00002,00699.png,1,4,1
00002,00700.png,3,1,1
00002,00701.png,3,1,1
00002,00702.png,0,0,0
00002,00703.png,1,3,1
00002,00704.png,2,5,3
00002,00705.png,1,3,1
00002,00706.png,2,5,2
00002,00707.png,0,0,0
00002,00708.png,3,2,1
00002,00709.png,3,2,1
00002,00710.png,3,1,1
00002,00711.png,2,5,2
00002,00712.png,3,2,1
00002,00713.png,3,1,1
00002,00714.png,3,2,1
00002,00715.png,2,5,3
00002,00716.png,2,4,1
00002,00717.png,0,0,0
00002,00718.png,3,2,1
00002,00719.png,3,1,1
00002,00720.png,2,5,3
00002,00721.png,1,2,1
00002,00722.png,2,6,3
00002,00723.png,2,4,1
00002,00724.png,1,2,1
00002,00725.png,1,2,1
00002,00726.png,3,1,1
00002,00727.png,3,1,1
00002,00728.png,3,1,1
00002,00729.png,3,1,1
00002,00730.png,3,2,1
00002,00731.png,1,2,1
00002,00732.png,3,1,1
00002,00733.png,0,0,0
00002,00734.png,2,1,1
00002,00735.png,3,2,1
00002,00736.png,2,3,1
00002,00737.png,2,5,3
00002,00738.png,1,3,1
00002,00739.png,2,5,2
00002,00740.png,2,5,2
00002,00741.png,2,5,2
00002,00742.png,2,2,1
00002,00743.png,2,4,1
00002,00744.png,2,4,1
00002,00745.png,1,2,1
00002,00746.png,2,3,1
00002,00747.png,2,4,1
00002,00748.png,3,1,1
00002,00749.png,0,0,0
00002,00750.png,1,4,1
00002,00751.png,3,1,1
00002,00752.png,0,0,0
00002,00753.png,1,3,1
00002,00754.png,3,1,1
00002,00755.png,2,5,3
00002,00756.png,2,2,1
00002,00757.png,3,1,1
00002,00758.png,1,3,1
00002,00759.png,0,0,0
00002,00760.png,1,4,1
00002,00761.png,2,2,1
00002,00762.png,3,1,1
00002,00763.png,2,5,2
00002,00764.png,1,4,1
00002,00765.png,2,5,2
00002,00766.png,1,1,1
00002,00767.png,3,1,1
00002,00768.png,1,3,1
00002,00769.png,1,4,1
00002,00770.png,2,5,3
00002,00771.png,3,1,1
00002,00772.png,2,4,1
00002,00773.png,2,6,2
00002,00774.png,3,1,1
00002,00775.png,1,4,1
00002,00776.png,3,1,1
00002,00777.png,3,1,1
00002,00778.png,0,0,0
00002,00779.png,0,0,0
00002,00780.png,0,0,0
00002,00781.png,1,3,1
00002,00782.png,0,0,0
00002,00783.png,2,5,3
00002,00784.png,0,0,0
00002,00785.png,2,5,3
00002,00786.png,2,5,2
00002,00787.png,2,3,1
00002,00788.png,3,1,1
00002,00789.png,3,1,1
00002,00790.png,2,5,3
00002,00791.png,2,4,1
00002,00792.png,2,5,2
00002,00793.png,3,1,1
00002,00794.png,3,1,1
00002,00795.png,1,3,1
00002,00796.png,1,1,1
00002,00797.png,1,3,1
00002,00798.png,0,0,0
00002,00799.png,1,3,1
00002,00800.png,1,4,1
00002,00801.png,3,1,1
00002,00802.png,1,3,1
00002,00803.png,3,1,1
00002,00804.png,0,0,0
00002,00805.png,0,0,0
00002,00806.png,3,1,1
00002,00807.png,3,1,1
00002,00808.png,3,1,1
00002,00809.png,0,0,0
00002,00810.png,3,1,1
00002,00811.png,3,1,1
00002,00812.png,1,4,1
00002,00813.png,1,4,1
00002,00814.png,2,2,1
00002,00815.png,1,3,1
00002,00816.png,3,1,1
00002,00817.png,3,2,1
00002,00818.png,3,1,1
00002,00819.png,1,3,1
00002,00820.png,0,0,0
00002,00821.png,0,0,0
00002,00822.png,1,1,1
00002,00823.png,2,5,2
00002,00824.png,3,1,1
00002,00825.png,3,2,1
00002,00826.png,1,2,1
00002,00827.png,1,3,1
00002,00828.png,3,1,1
00002,00829.png,1,4,1
00002,00830.png,2,5,3
00002,00831.png,2,5,3
00002,00832.png,3,1,1
00002,00833.png,3,1,1
00002,00834.png,3,1,1
00002,00835.png,1,4,1
00002,00836.png,2,5,2
00002,00837.png,0,0,0
00002,00838.png,2,4,1
00002,00839.png,2,4,1
00002,00840.png,2,5,3
00002,00841.png,3,1,1
00002,00842.png,1,3,1
00002,00843.png,0,0,0
00002,00844.png,2,4,1
00002,00845.png,2,5,3
00002,00846.png,3,1,1
00002,00847.png,1,3,1
00002,00848.png,3,2,1
00002,00849.png,1,2,1
00002,00850.png,3,1,1
00002,00851.png,0,0,0
00002,00852.png,3,2,1
00002,00853.png,2,5,3
00002,00854.png,2,5,3
00002,00855.png,3,1,1
00002,00856.png,3,2,1
00002,00857.png,3,2,1
00002,00858.png,3,2,1
00002,00859.png,0,0,0
00002,00860.png,2,5,3
00002,00861.png,2,5,2
00002,00862.png,1,4,1
00002,00863.png,3,1,1
00002,00864.png,3,2,1
00002,00865.png,0,0,0
00002,00866.png,2,5,2
00002,00867.png,0,0,0
00002,00868.png,3,1,1
00002,00869.png,2,5,2
00002,00870.png,3,1,1
00002,00871.png,3,1,1
00002,00872.png,2,4,1
00002,00873.png,3,1,1
00002,00874.png,2,5,3
00002,00875.png,2,5,3
00002,00876.png,2,5,3
00002,00877.png,2,4,1
00002,00878.png,2,2,1
00002,00879.png,1,3,1
00002,00880.png,3,1,1
00002,00881.png,2,5,3
00002,00882.png,3,1,1
00002,00883.png,2,2,1
00002,00884.png,2,5,2
00002,00885.png,1,4,1
00002,00886.png,2,5,2
00002,00887.png,1,4,1
00002,00888.png,3,1,1
00002,00889.png,1,3,1
00002,00890.png,2,6,3
00002,00891.png,1,2,1
00002,00892.png,3,1,1
00002,00893.png,2,4,1
00002,00894.png,2,4,1
00002,00895.png,2,5,3
00002,00896.png,1,3,1
00002,00897.png,3,1,1
00002,00898.png,2,5,3
00002,00899.png,3,2,1
00002,00900.png,1,3,1
00002,00901.png,3,2,1
00002,00902.png,2,5,2
00002,00903.png,2,1,1
00002,00904.png,2,1,1
00002,00905.png,2,2,1
00002,00906.png,1,3,1
00002,00907.png,2,5,2
00002,00908.png,2,5,3
00002,00909.png,2,4,1
00002,00910.png,1,3,1
00002,00911.png,2,5,2
00002,00912.png,3,2,1
00002,00913.png,3,2,1
00002,00914.png,1,4,1
00002,00915.png,1,3,1
00002,00916.png,2,5,3
00002,00917.png,3,1,1
00002,00918.png,3,1,1
00002,00919.png,2,2,1
00002,00920.png,2,4,1
00002,00921.png,2,4,1
00002,00922.png,2,2,1
00002,00923.png,2,3,1
00002,00924.png,2,4,1
00002,00925.png,1,4,1
00002,00926.png,1,1,1
00002,00927.png,2,6,3
00002,00928.png,2,5,3
00002,00929.png,1,4,1
00002,00930.png,3,1,1
00002,00931.png,3,1,1
00002,00932.png,1,3,1
00002,00933.png,2,5,3
00002,00934.png,2,5,3
00002,00935.png,1,3,1
00002,00936.png,3,1,1
00002,00937.png,3,2,1
00002,00938.png,0,0,0
00002,00939.png,2,5,2
00002,00940.png,0,0,0
00002,00941.png,1,3,1
00002,00942.png,3,2,1
00002,00943.png,2,4,1
00002,00944.png,3,2,1
00002,00945.png,1,3,1
00002,00946.png,1,3,1
00002,00947.png,2,3,1
00002,00948.png,2,2,1
00002,00949.png,2,5,2
00002,00950.png,1,3,1
00002,00951.png,2,1,1
00002,00952.png,3,1,1
00002,00953.png,2,1,1
00002,00954.png,3,1,1
00002,00955.png,0,0,0
00002,00956.png,2,5,2
00002,00957.png,1,3,1
00002,00958.png,0,0,0
00002,00959.png,2,2,1
00002,00960.png,3,2,1
00002,00961.png,2,2,1
00002,00962.png,2,5,3
00002,00963.png,2,2,1
00002,00964.png,1,3,1
00002,00965.png,2,3,1
00002,00966.png,1,3,1
00002,00967.png,2,5,2
00002,00968.png,3,1,1
00002,00969.png,3,2,1
00002,00970.png,2,5,3
00002,00971.png,3,2,1
00002,00972.png,2,5,3
00002,00973.png,1,3,1
00002,00974.png,3,2,1
00002,00975.png,2,2,1
00002,00976.png,1,2,1
00002,00977.png,1,4,1
00002,00978.png,1,1,1
00002,00979.png,3,2,1
00002,00980.png,1,2,1
00002,00981.png,3,2,1
00002,00982.png,3,1,1
00002,00983.png,2,2,1
00002,00984.png,1,3,1
00002,00985.png,3,1,1
00002,00986.png,2,2,1
00002,00987.png,3,1,1
00002,00988.png,1,1,1
00002,00989.png,1,2,1
00002,00990.png,3,1,1
00002,00991.png,1,2,1
00002,00992.png,1,3,1
00002,00993.png,2,3,1
00002,00994.png,2,5,2
00002,00995.png,2,3,1
00002,00996.png,2,5,3
00002,00997.png,1,4,1
00002,00998.png,3,2,1
00002,00999.png,3,1,1
00002,01000.png,1,4,1
